Card Name,Art File,Temple,Tier,Cost,Power,Health,Sigils,Token,Traits,Tribes,Flavor Text,Credit,Tags
Gemification,Gemification.png,Magick,Common,PRISM_-2_3 bones,orange_+1_1,green_+2_1,"GREEN_BLUE_Piercing, Gem Dependent",,,Test Mage,"Oooh, shiny !",NEWS,
Bee,Bee.png,Beast,Side Deck,free,1,1,"Airborne, Brittle",,,Insect,Unassuming but determined pests.,Pixel Profligate,gemified_vanila
Krill,Krill.png,Beast,Side Deck,free,0,1,Waterborne,,,Fish,One in a krillion.,Murigen,
Squirrel,Squirrel.png,Beast,Side Deck,free,0,1,,,,Vermin,"Small, frail, but ever so useful.",Pixel Profligate,
Beehive,Beehive.png,Beast,Common,free,0,3,Bees Within,Bee,Bloodless,Insect,"Nonthreatening, if you leave it be.",Pixel Profligate,bloodless_bg
Lil' Frog,LilFrog.png,Beast,Common,free,0,1,Burrower,,,Amphibian,Just a little guy.,Pixel Profligate,
Rabbit,Rabbit.png,Beast,Common,free,0,1,,,,Vermin,What purpose could it serve?,Pixel Profligate,
Tadpole,Tadpole.png,Beast,Common,free,0,1,"Fledgling, Waterborne",Bullfrog,,Amphibian,"Small, frail, and pathetic... for now.",Pixel Profligate,
Axolotl,Axolotl.png,Beast,Common,1 blood,1,1,Convalesce,,,Amphibian,A friend-shaped regenerator.,Pixel Profligate,
Bullfrog,Bullfrog.png,Beast,Common,1 blood,1,3,Mighty Leap,,,Amphibian,"Seemingly lazy, but ever watchful.",Pixel Profligate,
Catfish,Catfish.png,Beast,Common,1 blood,0,2,Sharp Quills,,,Fish Conduit,Quite a... shocking specimen.,Murigen,
Crab,Crab.png,Beast,Common,1 blood,1,1,Armored,,,,"Tiny, scuttling, but resilient stature.",Murigen,
Elk Fawn,ElkFawn.png,Beast,Common,1 blood,1,1,"Sprinter, Fledgling",Elk,,Hooved,"Young, ambitious, and scared.",Pixel Profligate,
Flying Ant,FlyingAnt.png,Beast,Common,1 blood,0,1,Airborne,,Ant Power,Ant Insect,"A pest alone, but devastating in swarm.",Pixel Profligate,
Kingfisher,Kingfisher.png,Beast,Common,1 blood,1,1,"Airborne, Waterborne",,,Avian,"A swift, slippery hunter.",Pixel Profligate,
Mantis,Mantis.png,Beast,Common,1 blood,1,1,Bifurcated Strike,,,Insect,A slight incarnation of terror.,Pixel Profligate,
Mirror Tentacle,MirrorTentacle.png,Beast,Common,1 blood,X,3,,,Mirror Power,Tentacle,Curious...,Pixel Profligate,
Mole,Mole.png,Beast,Common,1 blood,0,4,"Burrower, Bone Digger",,,Vermin,"Blind, but seemingly omnipresent.",Pixel Profligate,
Piranha,Piranha.png,Beast,Common,1 blood,1,1,"Aquanaut, Swarm, Bloodlust",,,Fish,Vicious pack-hunters of the rivers.,Ixams,
Porcupine,Porcupine.png,Beast,Common,1 blood,1,2,Sharp Quills,,,Vermin,"An ornery, ever-annoying rodent.",Pixel Profligate,
Raccoon,Raccoon.png,Beast,Common,1 blood,1,2,Scavenger,,,,A scrappy little gatherer.,Pixel Profligate,
Raven Egg,RavenEgg.png,Beast,Common,1 blood,0,2,Fledgling,Raven,,Avian,No less conniving in incubation.,Pixel Profligate,
Ray,Ray.png,Beast,Common,1 blood,1,1,Waterborne,,,Fish Conduit,It makes its own electrical surges.,syntaxevasion,
Ringworm,Ringworm.png,Beast,Common,1 blood,0,1,,,,Insect,"Resoundingly pointless, with little use.",Pixel Profligate,
River Otter,RiverOtter.png,Beast,Common,1 blood,1,1,Waterborne,,,,"Elusive, but not very menacing.",Pixel Profligate,
Salamander,Salamander.png,Beast,Common,1 blood,1,2,Poisonous,,,Amphibian,Just a touch could be deadly.,Pixel Profligate,
Skink,Skink.png,Beast,Common,1 blood,1,2,Loose Tail,Wriggling Tail,,Reptile,It is trying to evade death at any cost.,Pixel Profligate,
Skunk,Skunk.png,Beast,Common,1 blood,0,3,Stinky,,,,A horrid stench to keep predators away.,Pixel Profligate,
Sparrow,Sparrow.png,Beast,Common,1 blood,1,3,Airborne,,,Avian,"Meek and feeble, yes, but ever so useful.",Pixel Profligate,
Squirrel Ball,SquirrelBall.png,Beast,Common,1 blood,0,3,Squirrel Shedder,,,Vermin,"An odd, almost unnatural behavior.",Pixel Profligate,
Stoat,Stoat.png,Beast,Common,1 blood,1,3,,,,Vermin,"A lowly, but ever noble creature.",Pixel Profligate,
Tick,Tick.png,Beast,Common,1 blood,1,1,"Bloodsucker, Hearty Offering",,,Insect,A minor problem... if not ignored.,Pixel Profligate,
Warren,Warren.png,Beast,Common,1 blood,0,2,Rabbit Hole,Rabbit,Warren Trait,,A bountiful pit of hares.,Pixel Profligate,
Wolf Cub,WolfCub.png,Beast,Common,1 blood,1,2,Fledgling,Wolf,,Canine,"An ambitious predator, needing only time.",Pixel Profligate,
Worker Ant,WorkerAnt.png,Beast,Common,1 blood,0,2,,,Ant Power,Ant Insect,"Weak alone, but overwhelming in force.",Pixel Profligate,
Adder,Adder.png,Beast,Common,2 blood,2,2,Touch of Death,,,Reptile,"Always lethal, the caustic adder.",Pixel Profligate,
Beaver,Beaver.png,Beast,Common,2 blood,1,4,Dam Builder,,,Vermin,An industrious creature.,Pixel Profligate,
Bell Tentacle,BellTentacle.png,Beast,Common,2 blood,0,2,Bell Ringer,,,Tentacle,Interesting...,Pixel Profligate,
Bloodhound,Bloodhound.png,Beast,Common,2 blood,2,3,Guardian,,,Canine Hound,A fiercely loyal companion.,Pixel Profligate,
Crocodile,Crocodile.png,Beast,Common,2 blood,2,2,"Aquanaut, Piercing, Bloodlust",,,Reptile,The force of its bite is inescapable.,Ixams,
Dire Wolf Pup,DireWolfPup.png,Beast,Common,2 blood,1,2,"Fledgling, Bone Digger",Dire Wolf,,Canine,Sharpens its' teeth on scounged bones.,Pixel Profligate,
Elk,Elk.png,Beast,Common,2 blood,2,4,Sprinter,,,Hooved,"Hearty of form, but flighty of nature.",Pixel Profligate,
Field Mice,FieldMice.png,Beast,Common,2 blood,2,1,Fecundity,,,Vermin,"Where there is one, another is not far.",Pixel Profligate,
Fox,Fox.png,Beast,Common,2 blood,1,3,"Side Hustle, Sprinter",,,Canine,"A skittish, but cunning predator.","Murigen, Ixams",
Hand Tentacle,HandTentacle.png,Beast,Common,2 blood,X,2,,,Hand Power,Tentacle,Strange...,Pixel Profligate,
Hawk,Hawk.png,Beast,Common,2 blood,3,1,"Airborne, Aquanaut",,,Avian,A violently efficient bird of prey.,Pixel Profligate,
Leucochloridium,Leucochloridium.png,Beast,Common,2 blood,0,4,"Green Gem, Taunt",,,,Drawing the eyes of hungry beasts.,Synthia,
Mud Turtle,MudTurtle.png,Beast,Common,2 blood,2,2,Armored,,,Reptile,"A frail turtle, protected by its shell.",Pixel Profligate,
Octopus,Octopus.png,Beast,Common,2 blood,2,1,Evasion,,,,An ingenious escape artist.,Murigen,
Pronghorn,Pronghorn.png,Beast,Common,2 blood,1,3,"Sprinter, Bifurcated Strike",,,Hooved,"Oddly sadistic, this venerable beast.",Pixel Profligate,
Rat King,RatKing.png,Beast,Common,2 blood,2,1,Bone King,,,Noble Vermin,"Tragic royalty, destined to crumble.",Pixel Profligate,
Raven,Raven.png,Beast,Common,2 blood,2,3,Airborne,,,Avian,"Horribly clever, this blight of a bird is.",Pixel Profligate,
River Snapper,RiverSnapper.png,Beast,Common,2 blood,1,6,Bastion,,,Reptile,Stalwart in the face of adversity.,Pixel Profligate,
Wild Bull,WildBull.png,Beast,Common,2 blood,3,2,Rampager,,,Hooved,Little can stop this rampaging brute.,Pixel Profligate,
Wolf,Wolf.png,Beast,Common,2 blood,3,2,,,,Canine,A proud and ferocious contender.,Pixel Profligate,
Blue Whale,BlueWhale.png,Beast,Common,3 blood,1,7,"Regurgitate, Aquanaut",,,Fish,A massive stomach for a big appetite.,"Nevernamed, Murigen",
Bullet Ant,BulletAnt.png,Beast,Common,2 blood,1,1,"Double Strike, Touch of Death",,,Ant Insect,A horrifyingly efficient pest.,Murigen,
Dire Wolf,DireWolf.png,Beast,Common,3 blood,2,3,"Double Strike, Bone Digger",,,Canine,"Truly unrelenting, this terrifying canine.",Pixel Profligate,
Great White,GreatWhite.png,Beast,Common,3 blood,4,3,"Ravenous, Waterborne",,,Fish,Go fish.,Pixel Profligate,
Grizzly,Grizzly.png,Beast,Common,3 blood,3,5,Aquanaut,,,,Its form speaks enough of its efficacy.,Pixel Profligate,
Wriggling Tail,WrigglingTail.png,Beast,Common,1 bone,0,2,,,,Reptile,It's hard to call it cowardly...,Pixel Profligate,
Dam,Dam.png,Beast,Common,2 bones,0,2,Bastion,,Bloodless,,The hard work of an industrious beast.,Pixel Profligate,bloodless_bg
Mealworm,Mealworm.png,Beast,Common,2 bones,0,2,Morsel,,,Insect,Does your mouth not water at the sight?,Pixel Profligate,
Opossum,Opossum.png,Beast,Common,2 bones,1,1,Scavenger,,,Vermin,"Resourceful, weak, but endearing.",Pixel Profligate,
Bat,Bat.png,Beast,Common,3 bones,2,1,Airborne,,,Bat Vermin,"A minor, meddlesome terror.",Pixel Profligate,
Cicada,Cicada.png,Beast,Common,3 bones,0,1,"Annoying, Fecundity",,,Insect,Its incessant buzz brought insanity.,Pixel Profligate,
Coyote,Coyote.png,Beast,Common,3 bones,2,1,,,Double Scavenger,Canine,A meager but dangerous scavenger.,Pixel Profligate,
Hornet,Hornet.png,Beast,Common,4 bones,1,2,"Airborne, Dive Bomb",,,Insect,Determined to inflict its aggression.,Murigen,
Alpha,Alpha.png,Beast,Common,5 bones,1,2,Leader,,,Canine,"A venerable leader, emboldening others.",Pixel Profligate,
Corpse Maggots,CorpseMaggots.png,Beast,Common,5 bones,1,2,Corpse Eater,,,Insect,"Always inevitable, emerging from death.",Pixel Profligate,
Rattler,Rattler.png,Beast,Common,5 bones,3,1,,,,Reptile,"Brittle, if you can survive its bite.",Pixel Profligate,
Wolverine,Wolverine.png,Beast,Common,5 bones,1,3,Bloodlust,,,,"A vicious beast, bathed in blood.",Pixel Profligate,
Turkey Vulture,TurkeyVulture.png,Beast,Common,8 bones,3,3,Airborne,,,Avian,A horrid tyrant upon the skies.,Pixel Profligate,
Black Goat,BlackGoat.png,Beast,Uncommon,1 blood,0,1,Worthy Sacrifice,,,Hooved,"A true sacrifice, despite all the blood.",Pixel Profligate,
Cat,Cat.png,Beast,Uncommon,1 blood,0,1,Many Lives,Undead Cat,Nine Lives,,"It may not die, but it does feel the pain.",Pixel Profligate,
Rooster,Rooster.png,Beast,Uncommon,1 blood,2,2,"Annoying, Sprinter",,,Avian,Picking fights with everything.,Ixams,
Strange Frog,StrangeFrog.png,Beast,Uncommon,1 blood,0,2,"Mighty Leap, Deathtrap",,Bloodless,Amphibian Machine,A curious gadget in the shape of a beast.,Pixel Profligate,bloodless_bg
Ant Queen,AntQueen.png,Beast,Uncommon,2 blood,1,3,Ant Spawner,,,Noble Ant Insect,"Regal, royal, and a mother of pests.",Pixel Profligate,
Cane Toad,CaneToad.png,Beast,Uncommon,2 blood,1,5,"Mighty Leap, Poisonous",,,Amphibian,"An ancient, voracious specimen.",Pixel Profligate,
Magpie,Magpie.png,Beast,Uncommon,2 blood,1,1,"Hoarder, Airborne",,,Avian,A collector of trinkets and trash alike.,Pixel Profligate,
Pack Mule,PackMule.png,Beast,Uncommon,2 blood,0,4,"Sprinter, Loaded",,,Hooved,"Defenseless, but well-stocked.",Pixel Profligate,
Red Hart,RedHart.png,Beast,Uncommon,2 blood,X,2,Sprinter,,Blood Power,Hooved,"A sanguine beast, doused in blood.",Pixel Profligate,
Salmon,Salmon.png,Beast,Uncommon,2 blood,2,1,"Waterborne, Sprinter",,,Fish,Expectedly slippery. Surprisingly strong.,Pixel Profligate,
Lammergier,Lammergier.png,Beast,Uncommon,3 blood,X,4,Airborne,,"Lammergier Trait, Bone Power",Avian,A horrific bird with a peculiar diet.,Pixel Profligate,
Moose Buck,MooseBuck.png,Beast,Uncommon,3 blood,2,7,"Hefty, Mighty Leap",,,Hooved,A towering and ever-powerful beast.,Pixel Profligate,
Cockroach,Cockroach.png,Beast,Uncommon,4 bones,1,1,Unkillable,,Boneless,Insect,"An immortal, persistent nuisance.",Pixel Profligate,
Geck,Geck.png,Beast,Rare,free,1,1,,,,Reptile,"Uninspiring, but charming despite it all.",Pixel Profligate,
Hrokkall,Hrokkall.png,Beast,Rare,1 blood,1,1,"Waterborne, Overclocked",,,Fish,"Vicious in looks, but frail in nature.",Pixel Profligate,
Mantis God,MantisGod.png,Beast,Rare,1 blood,1,1,Trifurcated Strike,,,Insect,A perfect incarnation of terror.,Pixel Profligate,
Mole Man,MoleMan.png,Beast,Rare,1 blood,0,6,"Burrower, Mighty Leap, Bone Digger",,,Vermin Cryptid,"An unyielding, ultimate defense.",Pixel Profligate,
Amalgam,Amalgam.png,Beast,Rare,2 blood,3,3,,,Amalgam Trait,,Amalgam is all.,Pixel Profligate,
Child 13,Child13.png,Beast,Rare,1 blood,0,1,"Many Lives, Starving Hemanation",,,Hooved Cryptid,"Left abandoned, cursed, and hungry.",Pixel Profligate,
Great Kraken,GreatKraken.png,Beast,Rare,1 blood,1,1,Waterborne,,Kraken trait,,It just wants love.,Pixel Profligate,
Hodag,Hodag.png,Beast,Rare,2 blood,1,3,"Bloodlust, Bloodsucker",,,Cryptid,"A fearsome, hellacious creature.",Pixel Profligate,
Ouroboros,Ouroboros.png,Beast,Rare,2 blood,2,2,Unkillable,,,Reptile Cryptid,It will always return.,Pixel Profligate,
Pack Rat,PackRat.png,Beast,Rare,2 blood,2,2,Trinket Bearer,,,Vermin,A prudent rat bearing trinkets.,Pixel Profligate,
Wendigo,Wendigo.png,Beast,Rare,2 blood,3,2,"Corpse Eater, Ravenous",,,Cryptid,A ravenous beast with insatiable hunger.,Pixel Profligate,
White Whale,WhiteWhale.png,Beast,Rare,3 blood,2,7,"Regurgitate, Piercing, Aquanaut",,,Fish,Whalers gone mad at the mere sight.,"Nevernamed, Murigen",
Urayuli,Urayuli.png,Beast,Rare,4 blood,7,7,,,3astly,Cryptid,This level of brutality needs no words.,Pixel Profligate,
Amoeba,Amoeba.png,Beast,Rare,2 bones,1,2,Amorphous,,,,"Always different, ever-changing.",PIxel Profligate,
Jackrabbit,Jackrabbit.png,Beast,Talking,1 blood,0,3,"Rabbit Hole, Prism Gem, Battery Bearer, Bone Digger",,,Vermin,"""Ah, young one! A pleasure to see you!""",Murigen,
Stunted Wolf,StuntedWolf.png,Beast,Talking,1 blood,2,2,,,,Mox Canine,"""Careful, now. Use me wisely.""",Pixel Profligate,
The Stoat,TheStoat.png,Beast,Talking,1 blood,1,3,Battery Bearer,,,Vermin,"""Yep, it's me. Nice topdeck.""",Pixel Profligate,
Conceited Cat,ConceitedCat.png,Beast,Talking,2 blood,1,1,"Annoying, Many Lives, Humgry",,,,"""You didn't need that card, right?""",Answearing Machine,
Cormorant,Cormorant.png,Beast,Talking,2 blood,2,2,"Airborne, Falconry",,,Avian,"""You play. I fish.""",Pixel Profligate,
Midwife Frog,MidwifeFrog.png,Beast,Talking,2 blood,1,4,Croaking Trap,,,Amphibian,"""Yet another turn of the skinning knife...""",Pixel Profligate,
Terrible Goose,TerribleGoose.png,Beast,Talking,2 blood,1,2,"Hoarder, Blood Battery, Airborne",,,Avian,"""Your deck's a lil' lel, not gonna lie.""",Bluemem,
Wild Mutt,WildMutt.png,Beast,Talking,2 blood,2,3,Gift Bearer,,Gift Dogs,Canine,"""'Tis a game o' chance! HEEEE-HAAW!!""",Pixel Profligate,
Noble Stag,NobleStag.png,Beast,Talking,3 blood,0,3,Many Lives,,Noble Stag Trait,Hooved,"""I suppose it was only a matter of time.""",Pixel Profligate,
Stinkbug,Stinkbug.png,Beast,Talking,2 bones,1,2,"Stinky, Double Death",,,Insect,"""Salutations. A lucky draw.""",Pixel Profligate,
Grave Diglin,GraveDiglin.png,Undead,Side Deck,free,0,1,Bone Digger,,Bloodless,Spectre,"A little spirit, happy to help.",Desaft,bloodless_bg
Shambling Cairn,ShamblingCairn.png,Undead,Side Deck,free,0,1,"Unburial, Loose Bones",,Bloodless,,"A critter, wandering burial grounds.",Murigen,bloodless_bg
Skeleton,Skeleton.png,Undead,Side Deck,free,1,1,"Unburial, Brittle",,Bloodless,Skeleton,A frail and spooky mass of bones.,Pixel Profligate,bloodless_bg
Draugr,Draugr.png,Undead,Common,free,0,1,Frozen Away,Skeleton,Bloodless,Possessed,"Frozen in time, waiting for freedom.",Pixel Profligate,bloodless_bg
Disturbed Grave,DisturbedGrave.png,Undead,Common,1 bone,0,2,Undeath,Zombie,Bloodless,Zombie,They never stay dead for long.,Pixel Profligate,bloodless_bg
Gnarl Bark,GnarlBark.png,Undead,Common,1 bone,0,3,"Rooted, Mighty Leap, Haunter",,,Possessed,A spooky visage in wood.,Pixel Profligate,
Gravedigger,Gravedigger.png,Undead,Common,1 bone,0,3,Bone Digger,,,,Willing to dig what needs to be dug.,Pixel Profligate,
Jikininki,Jikininki.png,Undead,Common,1 bone,0,3,Scavenger,,,Possessed,He'll leave the bones for you to take.,Murigen,
Tombit,Tombit.png,Undead,Common,1 bone,0,2,"Made of Stone, Memoriam",,,,"A small, but honorable commemoration.",Murigen,
Banshee,Banshee.png,Undead,Common,2 bones,1,2,Airborne,,,Spectre,"Rather happy, despite the crying.",Pixel Profligate,
Floating Urn,FloatingUrn.png,Undead,Common,2 bones,0,1,"Ensouled, Loose Bones",,Bloodless,Possessed,"Flings itself around the room, hazardly.",Murigen,bloodless_bg
Pyroclasm,Pyroclasm.png,Undead,Common,2 bones,0,1,"Energy Gun, Rotting",,Bloodless,Spectre,It is on the verge of burning out.,Murigen,bloodless_bg
Skelemagus,Skelemagus.png,Undead,Common,2 bones,X,1,Brittle,,Gem Power,Mox Skeleton,"A once proud mage, left to rot.",Pixel Profligate,
Skeleton Crewmate,SkeletonCrewmate.png,Undead,Common,2 bones,2,2,Brittle,,Skeleton Crew Trait,Skeleton Pirate,"A pirate in life, a pirate in death.","Murigen, Bluemem",
Tsutsugamushi,Tsutsugamushi.png,Undead,Common,2 bones,1,1,Bloodsucker,,,Insect Demon,"A bringer of illness, a siphon of life.",Murigen,
Zombie,Zombie.png,Undead,Common,2 bones,1,2,,,,Zombie,"Naught but a corpse, left to rot.",Pixel Profligate,
Animator,Animator.png,Undead,Common,4 bones,1,2,Puppet Master,,,Skeleton,The puppet becomes the puppeteer.,Murigen,
Ghast,Ghast.png,Undead,Common,3 bones,1,1,Stinky,,,Zombie,A corpse left rotten and deformed.,Pixel Profligate,
Grave Hopper,GraveHopper.png,Undead,Common,3 bones,1,3,"Burrower, Fracture",,,Skeleton,They just want to find their own grave.,Pixel Profligate,
Fiddlebones,Fiddlebones.png,Undead,Common,3 bones,0,3,"Sea Shanty, Sprinter, Memoriam",,,Spectre,Raves in taverns about lost sailors.,Murigen,
Privateer,Privateer.png,Undead,Common,3 bones,2,1,"Sniper, Aquanaut, Brittle",,,Skeleton Pirate,A good captain stops ships from sinking.,"Desaft, Nevernamed",
Revenant,Revenant.png,Undead,Common,3 bones,3,1,Brittle,,,Skeleton,A bringer of death and renderer of flesh.,Pixel Profligate,
Shade,Shade.png,Undead,Common,3 bones,0,1,"Stalker, Haunter",,,Spectre,Always looming in the background.,Murigen,
Shadow,Shadow.png,Undead,Common,3 bones,X,1,Haunting Reflection,,Mirror Power,Spectre,An apt reflection of those around it.,Pixel Profligate,
Shambler,Shambler.png,Undead,Common,3 bones,1,2,Horde,,,Zombie,Their numbers grow with their infection.,Pixel Profligate,
Skelemancer,Skelemancer.png,Undead,Common,3 bones,0,2,Double Death,,,Skeleton,Still training to raise the dead properly.,Desaft,
Spirit Orb,SpiritOrb.png,Undead,Common,3 bones,0,1,"Blue Gem, Haunter",,,Spectre,Even the lowliest of spirits have use.,Pixel Profligate,
Necrose,Necrose.png,Undead,Common,3 bones,1,1,Swarm,,,Zombie,Overcome with a strain of disease.,"Murigen, Prof. Eggnog",
The Bloated,TheBloated.png,Undead,Common,3 bones,1,1,Detonator,,The Bloated Trait,Zombie,"Grotesque boils, ready to burst.",Pixel Profligate,
Big Dig,BigDig.png,Undead,Common,4 bones,0,4,"Unburial, Tomb Digger",,,,"Sometimes, one little shovel isn't enough.",Murigen,
Exorcist,Exorcist.png,Undead,Common,4 bones,2,1,Purist,,,Skeleton,Banishing his kind.,Murigen,
Frank & Stein,Frank&Stein.png,Undead,Common,4 bones,2,2,,Zombie,,Zombie Conduit Construct,"Sewn together, friends forever.",Pixel Profligate,
Ghost Ship,GhostShip.png,Undead,Common,4 bones,0,1,"Waterborne, Skeleton Crew",,,Pirate Spectre,Fully staffed and ready to plunder.,Pixel Profligate,
Ghost of the Past,GhostofthePast.png,Undead,Common,4 bones,0,2,Reaction Replica,,,Spectre,Nothing you do shall go unpunished.,,
Hanged Man,HangedMan.png,Undead,Common,4 bones,3,1,"Airborne, Brittle",,,Skeleton,His broken body sways in the breeze.,Pixel Profligate,
Haunted Tombstone,HauntedTombstone.png,Undead,Common,4 bones,0,4,"Made of Stone, Night of the Living Dead",,,Possessed,A monument to the dearly departed.,Pixel Profligate,
Nosferatu,Nosferatu.png,Undead,Common,4 bones,1,4,"Bloodsucker, Flying Transformer",,,,A bloodsucking prowler of the night.,Pixel Profligate,
Sarcophagus,Sarcophagus.png,Undead,Common,4 bones,0,3,Creeping Outwards,Mummy Lord,,Possessed,Traps an evil on the verge of escape.,Pixel Profligate,
Scarecrow,Scarecrow.png,Undead,Common,4 bones,1,2,"Bifurcated Strike, Scavenger",,,,"Forced to harvest, as long as it stands.",Pixel Profligate,
The Walkers,TheWalkers.png,Undead,Common,4 bones,1,2,Bone King,,,Zombie,"They lived together, they died together.",Pixel Profligate,
Wechuge,Wechuge.png,Undead,Common,4 bones,1,2,"Double Strike, Ensouled",,,Possessed,An ancient cannibalistic spirit.,"Desaft, Nevernamed",
Allip,Allip.png,Undead,Common,5 bones,2,1,Soul Stealer,,,Spectre,A spiteful visage of what once was.,Murigen,
Bone Scrounger,BoneScrounger.png,Undead,Common,5 bones,1,3,"Bone Digger, Scavenger",,,Skeleton,Some are forced to scavenge the graves.,Pixel Profligate,
Cadaver Rat,CadaverRat.png,Undead,Common,5 bones,1,1,"Corpse Eater, Scavenger",,,Vermin Zombie,A corpse within a corpse.,Pixel Profligate,
Ectoplasm,Ectoplasm.png,Undead,Common,5 bones,1,2,"Fecundity, Memoriam",,,Spectre,"Remains of a spirit, quick to expand.",Pixel Profligate,
Gargoyle,Gargoyle.png,Undead,Common,5 bones,1,4,"Made of Stone, Guardian, Mighty Leap",,,Possessed,"Protecting the mausoleum, by force.",syntaxevasion,
Librarian,Librarian.png,Undead,Common,5 bones,1,2,"Hoarder, Memoriam",,,Skeleton,They search for knowledge beyond life.,Pixel Profligate,
Nurikabe,Nurikabe.png,Undead,Common,5 bones,0,3,"Burrower, Sharp Quills, Made of Stone, Bastion",,,Spectre,An invisible wall blocks the way.,Murigen,
Plague Doctor,PlagueDoctor.png,Undead,Common,5 bones,1,2,Touch of Death,,WERE THE RATS,,"Wherever they travel, death follows.",Murigen,
Possessed Armor,PossessedArmor.png,Undead,Common,5 bones,1,4,"Armored, Ensouled",,,Possessed,A common vessel for spirits.,Pixel Profligate,
Underworld Centurion,UnderworldCenturion.png,Undead,Common,5 bones,2,1,"Double Strike, Armored, Brittle",,,,"A legionnaire in life, a soldier beyond.",Murigen,
Bonehound,Bonehound.png,Undead,Common,6 bones,2,3,Guardian,,,Canine Skeleton Hound,"Ever loyal, even beyond the grave.",Pixel Profligate,
Coroner,Coroner.png,Undead,Common,6 bones,2,2,"Snag, Desecration",,,,The deceased won't resist much longer.,Murigen,
Head Hunter,HeadHunter.png,Undead,Common,6 bones,2,1,"Sniper, Skull Taker",,,,Bringing forth the rewards of each kill.,Desaft,
Heretic,Heretic.png,Undead,Common,5 bones,0,4,"Snag, Puppet Master",,,Skeleton,A persistent lie can be powerful.,Murigen,
Lich,Lich.png,Undead,Common,6 bones,2,1,"Leader, Memoriam",,,Skeleton,Ever emboldening their undead horde.,Pixel Profligate,
Pati-ant Zero,PatiantZero.png,Undead,Common,6 bones,1,1,"Corpse Eater, Poisonous",,,Zombie Ant Insect,Isn't nature beautiful?,Desaft,
Silent Wanderer,SilentWanderer.png,Undead,Common,6 bones,2,1,Spirit Medium,,,,,Murigen,
Billow,Billow.png,Undead,Common,7 bones,1,4,"Regurgitate, Detonator",,,Zombie,What horrors lay inside its abject gut?,Murigen,
Spine Wyrm,SpineWyrm.png,Undead,Common,7 bones,3,2,"Sharp Quills, Spine Walker",,,Skeleton Reptile,A monstrous force of ivory.,Pixel Profligate,
Bone Devil,BoneDevil.png,Undead,Common,9 bones,4,2,"Scavenger, Ensouled",,,Skeleton Demon,An infernal and sadistic creature.,Murigen,
Carrion Mouth,CarrionMouth.png,Undead,Common,10 bones,2,5,"Bloodsucker, Deathtrap",,,,"Locked away, and for good reason.",Pixel Profligate,
Rags,Rags.png,Undead,Common,2 energy,0,2,"Unburial, Haunter",,,Spectre,That one seems happier in death.,Murigen,
Lost Hewer,LostHewer.png,Undead,Common,3 energy,1,1,LATCHER_Bone Digger,,,Spectre,"Despite everything, the labor continues.",Murigen,
Spook,Spook.png,Undead,Common,3 energy,0,2,"Burrower, Fracture, Bone Digger",,,Spectre,Boo!,Murigen,
Poltergeist,Poltergeist.png,Undead,Common,4 energy,1,1,"Airborne, Warper",,,Spectre,An incorporeal menace.,"Desaft, Nevernamed",
Tsukumogami,Tsukumogami.png,Undead,Common,4 energy,0,1,"Bone Digger, Haunter",,,Possessed,A tool that's lived for a century.,Murigen,
Wraith,Wraith.png,Undead,Common,1 max + 8 energy,2,1,"Guardian, Sharp Quills",,,Spectre,An inescapable harbinger of death.,Murigen,
Clot,Clot.png,Undead,Common,2 blood,0,2,Fledgling,Meatman,,,An unfortunate pile of meat and thought.,Pixel Profligate,
Ghoul,Ghoul.png,Undead,Common,2 blood,2,2,"Corpse Eater, Rotting",,,Demon,A scavenger of fresh blood.,Pixel Profligate,
Mound of Flesh,MoundofFlesh.png,Undead,Common,2 blood,0,3,"Many Lives, Unkillable",,,,Forever regrowing its own tissue.,Pixel Profligate,
Meatman,Meatman.png,Undead,Common,3 blood,3,3,"Worthy Sacrifice, Haunter",,,Demon,An ever-imposing wall of meat.,Pixel Profligate,
Mimic,Mimic.png,Undead,Common,2 sapphires,0,2,"Fledgling, Gift Bearer",Carrion Mouth,,Possessed,Contains naught but secrets and fear.,Pixel Profligate,
The Smoke,TheSmoke.png,Undead,Uncommon,1 bone,0,1,Bone King,,Smoke Trait,Spectre,The last wisp of a life snuffed out.,Pixel Profligate,
Skelemaster,Skelemaster.png,Undead,Uncommon,5 bones,0,4,Recall the Broken,,Search Brittle,Skeleton,Has an affinity for all things brittle.,Murigen,
Gone,Gone.png,Undead,Uncommon,4 bones,0,1,LATCHER_Unkillable,,Gone Reminder,Spectre,,Desaft,
Pharaoh's Pets,PharaohsPets.png,Undead,Uncommon,6 bones,0,1,"Many Lives, Bloody Hemanation",,,Zombie,"An inseperable pair, fit for a king.",Pixel Profligate,
Summoner,Summoner.png,Undead,Uncommon,6 bones,0,4,"Soul Raiser, Memoriam",,,Demon,Its companions won't leave them so soon.,Murigen,
Nachzehrer,Nachzehrer.png,Undead,Uncommon,7 bones,2,1,"Bloodsucker, Bloodlust, Scrounger",,,Zombie,Consuming whatever carrion it can find.,Pixel Profligate,
Mummy Lord,MummyLord.png,Undead,Uncommon,8 bones,3,3,Purist,,,Noble Zombie,"A monster in life, a monster in death.",Pixel Profligate,
Abyss Watcher,AbyssWatcher.png,Undead,Uncommon,9 bones,2,2,"Double Strike, Horde",,,Zombie,Guardians of unknowable depths.,"Murigen, Ixams",
Wight,Wight.png,Undead,Uncommon,9 bones,2,2,Legion,,,Zombie,"A venerable commander, more so in death.",Murigen,
Abomination,Abomination.png,Undead,Uncommon,10 bones,1,7,"Attack Conduit, Stinky",,,Zombie Conduit Construct,Cobbled together from skin and bone.,Pixel Profligate,
Creaking Skull,CreakingSkull.png,Undead,Uncommon,11 bones,3,4,Bone King,,,Skeleton,Bones rattle in the night.,Murigen,
Apparition,Apparition.png,Undead,Uncommon,4 energy,1,1,"Horde, Scrounger",,,Spectre,"Prankish and playful, but oh so spiteful.",Murigen,
Phantom Mass,PhantomMass.png,Undead,Uncommon,8 energy,0,3,Spirit Spread,,,Spectre,A conglomeration of tortured souls.,Pixel Profligate,
Undead Cat,UndeadCat.png,Undead,Uncommon,4 blood,3,6,Unkillable,,,Zombie,Poor creature... how it has suffered.,Pixel Profligate,
Bone Heap,BoneHeap.png,Undead,Rare,2 bones,0,1,Enlarge,,,Skeleton,A mass of marrow and carrion.,Pixel Profligate,
Bone Lord's Horn,BoneLordsHorn.png,Undead,Rare,3 bones,0,1,Bonehorn,,,Demon,This is a rather... interesting boon.,Pixel Profligate,
Drowned Soul,DrownedSoul.png,Undead,Rare,3 bones,1,1,"Touch of Death, Waterborne",,,Spectre,A shame no one was there to save them.,Pixel Profligate,
Slinger's Soul,SlingersSoul.png,Undead,Rare,6 bones,3,1,Energy Gun,,,Spectre,A stalwart spirit sharpshooter.,Desaft,
Tomb Robber,TombRobber.png,Undead,Rare,3 bones,0,2,Disentomb,,,,A little investment goes a long way.,Pixel Profligate,
Dead Hand,DeadHand.png,Undead,Rare,4 bones,1,1,Handy,,,Zombie,"Not all there, but carries a boon.",Pixel Profligate,
Long Elk,LongElk.png,Undead,Rare,5 bones,1,2,"Spine Walker, Touch of Death",,,Hooved Skeleton,Words cannot describe this... creature.,Pixel Profligate,
Necromancer,Necromancer.png,Undead,Rare,7 bones,0,2,"Double Death, Memoriam",,,Skeleton,"Back from the grave, if only briefly.",Pixel Profligate,
Night Shifters,NightShifters.png,Undead,Rare,5 bones,0,5,"Sprinter, Mass Grave, Rotting",,,Employee,"Working the graveyard shift, together.","Yoyo, Lilith",
Skeleton Army,SkeletonArmy.png,Undead,Rare,5 bones,1,1,,,Skeleton Army Trait,Skeleton,"A frenzied hoard, seeking vengeance.",Desaft,
Davy Jones,DavyJones.png,Undead,Rare,10 bones,2,3,"Looter, Sea Shanty",,,Skeleton Pirate Spectre,,"Desaft, Nevernamed",
Grave Knight,GraveKnight.png,Undead,Rare,9 bones,4,4,"Repulsive, Rotting",,,,"Sworn to protect, even from beyond.",PaperPyro,
Skeletaur,Skeletaur.png,Undead,Rare,11 bones,3,2,"Double Strike, Rampager",,,Hooved Skeleton,Its labyrinth became its tomb.,Pixel Profligate,
Headless Horseman,HeadlessHorseman.png,Undead,Rare,17 bones,5,5,"Airborne, Sprinter",,,Spectre,Striking fear into all who see him.,Pixel Profligate,
Gashadokuro,Gashadokuro.png,Undead,Rare,18 bones,6,6,Brittle,,Spine Ripper Trait,Skeleton,"The spite of a thousand bones, at once.",Murigen,
The Reaper,TheReaper.png,Undead,Rare,12 energy,0,2,"Touch of Death, Bell Ringer, Haunter",,,Skeleton Spectre,Your time is up.,Murigen,
Pumpkin King,PumpkinKing.png,Undead,Rare,3 blood,1,7,"Pay Tribute, Rooted",,,Noble Pumpkin,Always in need of bloody sacrifice.,Pixel Profligate,
Frozen Frame,FrozenFrame.png,Undead,Talking,3 bones,1,1,"Sharp Quills, Frozen Away",Draugr,,Skeleton,"""Dude! Maybe turn up the heat a little?""",Pixel Profligate,
Gnawed Remains,GnawedRemains.png,Undead,Talking,3 bones,0,3,Chew Toy,,Gnawed Remains Trait,Skeleton,"""P-Please don't play me...""",Pixel Profligate,
Scurvy Cap'n,ScurvyCapn.png,Undead,Talking,3 bones,1,2,"Skeleton Crew, Sea Shanty",,,Skeleton Pirate,"""I git t'live out me dream as a card!""",Pixel Profligate,
Burnt Body,BurntBody.png,Undead,Talking,4 bones,1,4,"Raging Flames, Sharp Quills",,,Zombie,"""Oh cool, it's me. Great.""",Pixel Profligate,
Grave Mason,GraveMason.png,Undead,Talking,4 bones,1,4,Haunted Stonework,,,,"""Craft your vision.""",Murigen,
Bones Malone,BonesMalone.png,Undead,Talking,5 bones,2,1,"Sniper, Rattle 'em!",,,Skeleton,"""Piracy is stealing! I love stealing!""","Yoyo, Bluemem, NEWS",
Star Weaver,StarWeaver.png,Undead,Talking,5 bones,1,4,"Equivalent Exchange, Gift Bearer",,,Skeleton,"""From dust I am born, to dust I succumb.""",Pixel Profligate,
Unlucky Corpse,UnluckyCorpse.png,Undead,Talking,6 bones,2,2,Unearthed Pack,,,Zombie,"""Wow, great draw!""",Pixel Profligate,
Witness of Ember,WitnessofEmber.png,Undead,Talking,10 bones,2,2,"Double Strike, Pack Tactics",Abyss Watcher,Abyss Cost,Zombie Canine,"""Allow me to finish our calling.""",Murigen,
Unseelie Queen,UnseelieQueen.png,Undead,Talking,2 blood,2,2,"Unseelie Authority, Witching Hour",,,Noble,"""Cower! It is now the Witching Hour!""",Herilind,
L33pbot,L33pbot.png,Tech,Side Deck,free,0,2,Mighty Leap,,Bloodless,Leep Bot,Strong springs for jumping into action.,Pixel Profligate,bloodless_bg
Null Conduit,NullConduit.png,Tech,Side Deck,1 energy,0,2,,,Bloodless,Conduit,"Transfers power, but not much else.",Pixel Profligate,bloodless_bg
Sentry Drone,SentryDrone.png,Tech,Side Deck,1 energy,0,1,Sentry,,Bloodless,Machine,Shoots anything that gets close.,Pixel Profligate,bloodless_bg
Junk-0,Junk0.png,Tech,Common,1 energy,0,1,Stinky,,,Android,It's odd for rust to smell this bad.,Pixel Profligate,
Automaton,Automaton.png,Tech,Common,2 energy,1,1,,,,Bot,The most basic in function and form.,Pixel Profligate,
Boom-o-latcher,Boomolatcher.png,Tech,Common,2 energy,0,1,LATCHER_Detonator,,,Latcher,Loading others with extreme explosives.,Pixel Profligate,
Pop-up Blocker,PopupBlocker.png,Tech,Common,2 energy,0,1,"Burrower, Armored",,,,Your damage request has been denied.,Answearing Machine,
Draugear,Draugear.png,Tech,Common,2 energy,0,1,Frozen Away,ExeSkeleton,Bloodless,Possessed Machine,"Cold, but not calculating.",Desaft,bloodless_bg
Energy Bot,EnergyBot.png,Tech,Common,2 energy,0,1,Battery Bearer,,,Bot,Full of energy that it cannot use.,Pixel Profligate,
Gift Bot,GiftBot.png,Tech,Common,2 energy,0,2,Gift Bearer,,,Bot,What could it be hiding from you?,Pixel Profligate,
Billdozer,Billdozer.png,Tech,Common,2 energy,0,3,Bulldoze,,,Machine,"Well-meaning, but notoriously pushy.",syntaxevasion,
Sparkplug,Sparkplug.png,Tech,Common,2 energy,0,2,Dynamo,,,Bot,A surprisingly helpful piece of tech.,Murigen,
49er,49er.png,Tech,Common,3 energy,1,1,Sprinter,,,Android,"On the move, searching for something.",Pixel Profligate,
Alarm Bot,AlarmBot.png,Tech,Common,3 energy,2,1,Annoying,,,Bot,"Universally reviled, but always on time.",Pixel Profligate,
Bone Mill,BoneMill.png,Tech,Common,3 energy,0,2,Fossil Fuel,,,Machine,Also useful for producing glue.,Desaft,
Cable Latcher,CableLatcher.png,Tech,Common,3 energy,1,2,LATCH_Null Conduit,,,Conduit Latcher,Just barely able to make a connection.,Murigen,
Healing Conduit,HealingConduit.png,Tech,Common,3 energy,0,2,Heal Conduit,,,Conduit,"An old model, but nonetheless effective.",Pixel Profligate,
Insectodrone,Insectodrone.png,Tech,Common,3 energy,1,2,Airborne,,,Bot,The buzz of its flight is irritating.,Pixel Profligate,
Kind Cell,KindCell.png,Tech,Common,3 energy,1,2,CELL_Generosity Bearer,,,Cell,It might be feeling generous.,Pixel Profligate,
M34t Bot,M34tBot.png,Tech,Common,3 energy,0,2,Hearty Offering,,,Bot,A... curious bot indeed.,Pixel Profligate,
Marrow Cell,MarrowCell.png,Tech,Common,3 energy,1,1,CELL_Bone Digger,,,Cell,All bones obtained legally.*,Murigen,
Pipe Bomb,PipeBomb.png,Tech,Common,3 energy,0,2,"Detonator, Rotting",,Pipe Bomb Trait,Machine,Good play. Unfortunately...,Answearing Machine,
Solar Cell,SolarCell.png,Tech,Common,3 energy,1,2,CELL_Generator,,,Cell,"Making renewable energy, with no waste.",Murigen,
Scrapton,Scrapton.png,Tech,Common,3 energy,1,2,Made of Stone,,,Bot,"Heavy and sluggish, but extremely solid.",Murigen,
Guardian Cell,GuardianCell.png,Tech,Common,4 energy,0,2,CELL_Fuse Cover,,,,Protective of what fuels them.,NULL,
Shield Latcher,ShieldLatcher.png,Tech,Common,3 energy,0,1,LATCH_Armored,,,Latcher,Protecting others better than itself.,Pixel Profligate,
Sniper Bot,SniperBot.png,Tech,Common,3 energy,1,1,Sniper,,,Android,"Easy to aim, easy to shoot.",Pixel Profligate,
50-nar,50nar.png,Tech,Common,3 energy,1,1,Takeoff Transformer,,,Mechabeast Vermin,Its irritating screeches are unbearable.,Pixel Profligate,
Qu177,Qu177.png,Tech,Common,3 energy,1,2,Spiky Transformer,,,Mechabeast Vermin,An ornery little tin can.,Pixel Profligate,
Blood Conduit,BloodConduit.png,Tech,Common,3 energy,0,2,Blood Conduit,,,Conduit,Even blood contains iron.,Murigen,
Tough Cell,ToughCell.png,Tech,Common,3 energy,1,1,CELL_Empowered,,,Cell,Now you're playing with power.,Pixel Profligate,
Exeskeleton,Exeskeleton.png,Tech,Common,4 energy,2,2,Brittle,,,Skeleton Android,A frail and spooky mass of scrap metal.,Desaft,
Explode Bot,ExplodeBot.png,Tech,Common,4 energy,1,1,Detonator,,,Bot,A bump could set it off.,Pixel Profligate,
Factory Conduit,FactoryConduit.png,Tech,Common,4 energy,0,3,Spawn Conduit,,,Conduit,"Even in battle, the line does not stop.",Pixel Profligate,
Overcharger,Overcharger.png,Tech,Common,4 energy,2,2,"Brittle, Detonator, Death Surge",,,Skeleton Android,It could blow at any moment...,Desaft,
Shield Bot,ShieldBot.png,Tech,Common,4 energy,1,1,Armored,,,Bot,"Surprisingly sturdy, given its size.",Pixel Profligate,
Splinter Cell,SplinterCell.png,Tech,Common,4 energy,1,1,CELL_Trifurcated Strike,,,Cell,We couldn't fit a fourth strike.,Pixel Profligate,
Buff Conduit,BuffConduit.png,Tech,Common,4 energy,0,2,Attack Conduit,,,Conduit,Sometimes they need a little extra juice.,Pixel Profligate,
Mox Memory Unit,MoxMemoryUnit.png,Tech,Common,5 energy,0,4,Green Conduit,,,Mox Conduit,Emeralds are great for data tracking.,Pixel Profligate,
Mox Hardware Unit,MoxHardwareUnit.png,Tech,Common,5 energy,0,4,Orange Conduit,,,Mox Conduit,Rubies make for great energy conductors.,Pixel Profligate,
Mox Processing Unit,MoxProcessingUnit.png,Tech,Common,5 energy,0,4,Blue Conduit,,,Mox Conduit,Sapphires empower calculations.,Pixel Profligate,
Nucl34pbot,Nucl34pbot.png,Tech,Common,5 energy,0,4,"Mighty Leap, Generator, Dynamo, Rotting",,,Leep Machine,It cannot handle its own energy.,"Murigen, Nevernamed",
Skel-e-latcher,Skelelatcher.png,Tech,Common,5 energy,1,1,LATCH_Brittle,,Brittle Latcher Fix,Latcher,Full of neurotoxins.,Pixel Profligate,
Thick Droid,ThickDroid.png,Tech,Common,5 energy,1,3,Bastion,,,Android,It's just happy to be here.,Pixel Profligate,
K-9,K9.png,Tech,Common,5 energy,1,2,Empowered Transformer,,,Mechabeast Canine,A vicious and twisted metal construct.,Pixel Profligate,
Paper Shredder,PaperShredder.png,Tech,Common,5 energy,0,2,"Desecration, Sharp Quills",,,Machine,For complete and proper disposal.,,
4ntdroid,4ntdroid.png,Tech,Common,6 energy,0,1,Deathtrap,,,Ant Insect Mechabeast,A scuttling little worker machine.,Pixel Profligate,
Nanoarmor Conduit,NanoarmorConduit.png,Tech,Common,6 energy,0,2,Armor Conduit,,,Conduit,Even works against explosives.,Desaft,
Steel Mice,SteelMice.png,Tech,Common,6 energy,1,2,Fecundity,,,Mechabeast Vermin,Keep their wires from getting tangled.,Pixel Profligate,
Max Energy Keeper,MaxEnergyKeeper.png,Tech,Common,6 energy,0,5,No Max Reduction,,,Android,Can this be any more straightforward?,Murigen,
Bolthound,Bolthound.png,Tech,Common,7 energy,2,3,Guardian,,,Canine Mechabeast Hound,A vicious and protective bucket of bolts.,Pixel Profligate,
C-Diver,CDiver.png,Tech,Common,7 energy,1,4,"Aquanaut, Armored",,,Android,"Works deep, even deeper than the Dredger.",Pixel Profligate,
Gunbot,Gunbot.png,Tech,Common,1 max + 7 energy,4,1,Piercing,,Gunbot Trait,Bot,Built for one singular function.,Pixel Profligate,
Technoripper,Technoripper.png,Tech,Common,1 max + 7 energy,3,1,Piercing,,,Android,A violent bot of claws and bullets.,Pixel Profligate,
Core-v1d,Corev1d.png,Tech,Common,1 max + 8 energy,1,3,Takeoff Transformer,,,Mechabeast Avian,A metallic blight upon the skies.,Pixel Profligate,
Gamblobot,Gamblobot.png,Tech,Common,2 max + 7 energy,X,1,,,Dice Power,Machine,Push your luck. What could go wrong?,Pixel Profligate,
L33p Launcher,L33pLauncher.png,Tech,Common,4 max + 7 energy,0,2,Yeetbot,L33pbot,,Machine,Springloaded for causing problems.,syntaxevasion,
Rooktank,Rooktank.png,Tech,Common,2 max + 8 energy,1,5,Iron Wall,,,Chess,The best offense is a good defense.,Desaft,
Steambot,Steambot.png,Tech,Common,2 max + 8 energy,3,2,Hefty,,,Android,"Once a fighter, always a fighter.",Pixel Profligate,
Swapbot,Swapbot.png,Tech,Common,2 max + 8 energy,2,5,Swapper,,,Bot,Reconfigures itself to suit its mood.,Pixel Profligate,
Double Gunner,DoubleGunner.png,Tech,Common,2 max + 9 energy,2,1,Bifurcated Strike,,,Android,"Twice the guns, twice the power.",Pixel Profligate,
Gift Bot EX,GiftBotEX.png,Tech,Common,2 max + 9 energy,1,3,"Mighty Leap, Generosity Bearer",,,Bot,Just one was never enough.,Murigen,
Observer,Observer.png,Tech,Common,2 max + 9 energy,1,5,Sniper,,,Android,"Sees all it can, where it can.",Pixel Profligate,
Security System,SecuritySystem.png,Tech,Common,2 max + 9 energy,0,3,Offense Upgrade,,,Machine,Makes its routine virus scan.,Murigen,
Firewall,Firewall.png,Tech,Common,1 max + 10 energy,0,5,"Burrower, Rampager, Sharp Quills",,,Machine,Nothing gets through without permission.,Pixel Profligate,
Johnny,Johnny.png,Tech,Common,2 max + 10 energy,3,1,Stinky,,,Bot,"Surprisingly clean, as no one uses him.",Answearing Machine,
The Cube,TheCube.png,Tech,Common,2 max + 10 energy,3,3,Swapper,,,Machine,The Cube.,Answearing Machine,
Archiver,Archiver.png,Tech,Common,3 max + 10 energy,1,2,"Re-Index, Defiler",,,Android,An intelligence dedicated to sorting files.,Desaft,
Mecha Warrior,MechaWarrior.png,Tech,Common,3 max + 10 energy,2,2,"Double Strike, Warper",,,Android,An ultra high-power model.,Murigen,
Overseer,Overseer.png,Tech,Common,2 max + 12 energy,1,4,"Bifurcated Strike, Sentry, Sprinter",,,Android,Prowls factories searching intruders.,Murigen,
Ducky,Ducky.png,Tech,Common,3 max + 12 energy,2,3,"Waterborne, Annoying, Raging Flames",,,Avian Mechabeast,"This is ducky, the big one.",,
Steel Jaw,SteelJaw.png,Tech,Common,3 max + 12 energy,1,3,"Bloodsucker, Raging Flames, Deathtrap",,,Android,You can't hold it back forever.,Murigen,
Exeskelemagbot,Exeskelemagbot.png,Tech,Uncommon,free,4,1,"Gem Dependent, Circuit Dependent",,,Skeleton Android Wizard,"It's not magic, it just needs extra juice.",Desaft,
Important File,ImportantFile.png,Tech,Uncommon,1 energy,1,1,"Search Engine, Death Sentence",,Captive File Trait,Bot,Best not let it die.,Pixel Profligate,
Bad Fish,BadFish.png,Tech,Uncommon,3 energy,0,1,"Brittle, Annoying",,,Mechabeast Fish,"An inefficient use of power, at best.",Pixel Profligate,
Conveyor Bot,ConveyorBot.png,Tech,Uncommon,4 energy,0,1,"Restructure, Haunter",,,Machine Bot,Efficiency demands motion.,Murigen,
C0pp3r-h34d,C0pp3rh34d.png,Tech,Uncommon,5 energy,1,3,Lethal Transformer,,,Mechabeast Reptile,Provides a violent shock to the system.,Pixel Profligate,
Blood Bank,BloodBank.png,Tech,Uncommon,6 energy,0,2,"Hearty Offering, Life Donor, Convalesce, Sprinter",,,Machine,Blood is a resource and commodity.,Desaft,
Good Fish,GoodFish.png,Tech,Uncommon,5 energy,1,1,"Waterborne, Sniper Transformer",,,Mechabeast Fish,,Merson,
E1337bot,E1337bot.png,Tech,Uncommon,1 max + 8 energy,1,3,"Mighty Leap, Leep Leader",,,Leep Pirate,Takes problems into its own hands.,Murigen,
Magnethead,Magnethead.png,Tech,Uncommon,2 max + 11 energy,2,1,"Piercing, Looter, Annoying",,,Bot,Gathers up scrap through brute force.,Murigen,
Acid Squirrel,AcidSquirrel.png,Tech,Uncommon,12 energy,0,1,Unkillable,,,Mechabeast Vermin,"It uses... I dunno, quantum mechanics?",Murigen,
Very Big L33pbot,VeryBigL33pbot.png,Tech,Uncommon,2 max + 12 energy,1,4,"Mighty Leap, Sentry, Poisonous",,,Leep,"Clunky, inefficient, and reeks of fumes.",Murigen,
Plasma Jimmy,PlasmaJimmy.png,Tech,Rare,2 energy,0,3,Energy Gun,,,Bot,"Shoots on command, without hesitation.",Pixel Profligate,
Amoebot,Amoebot.png,Tech,Rare,3 energy,1,1,Amorphous,,,Bot,Adapts and reforms as needed.,Pixel Profligate,
Borg Poly-worg,BorgPolyworg.png,Tech,Rare,3 energy,0,3,"Armored, Mighty Leap, Leep Legion",,,Amphibian Android,Frog. Frog. Frog. Frog.,Pixel Profligate,
Curve Hopper,CurveHopper.png,Tech,Rare,4 energy,2,3,,,,Android,Statistically very powerful for its cost.,Pixel Profligate,
Energy Conduit,EnergyConduit.png,Tech,Rare,3 energy,1,2,"Energy Conduit, Generator",,,Conduit,Infinite power at your fingertips.,Pixel Profligate,
Gr1zz,Gr1zz.png,Tech,Rare,6 energy,0,4,Enraged Transformer,,,Mechabeast,"A true beast, replicated by machinery.",Pixel Profligate,
Ourobot,Ourobot.png,Tech,Rare,6 energy,2,2,Immortal Transformer,,,Mechabeast Reptile,"The eternal android, unyielding by design.",Pixel Profligate,
Overclock Conduit,OverclockConduit.png,Tech,Rare,6 energy,0,2,Overclock Conduit,,,Conduit,"Infinite power, itty bitty circuit space.",Desaft,
Sgt. T. Rustbucket III,Sgt.T.RustbucketIII.png,Tech,Rare,6 energy,1,1,Legion,,,Android,Has got quite the portfolio.,Murigen,
Shutterbug,Shutterbug.png,Tech,Rare,6 energy,1,1,"Sentry, Touch of Death",,,Machine,One photo to capture your last moment.,Pixel Profligate,
L33pbot NEO,L33pbotNEO.png,Tech,Rare,7 energy,2,2,"Mighty Leap, Airborne, Leep Leader",,,Leep Avian,The strongest springs.,Murigen,
Mrs. Bomb,Mrs.Bomb.png,Tech,Rare,7 energy,1,1,Remote Bomb,,,Android,"A bombshell, through and through.",Pixel Profligate,
Quickdraw Bot,QuickdrawBot.png,Tech,Rare,3 max + 10 energy,2,2,"Sniper, Touch of Death",,,Android,Its internal clock is set to high noon.,Desaft,
Titanium Titan,TitaniumTitan.png,Tech,Rare,3 max + 12 energy,2,7,"Made of Stone, Overcharge",,,Android,A perfect weapon of mass destruction.,PaperPyro,
The Mechanism,TheMechanism.png,Tech,Rare,4 max + 12 energy,0,2,"Overpower, Death Sentence",,,Machine,The solution/cause to all your problems.,Murigen,
Assemblotron Primus,AssemblotronPrimus.png,Tech,Rare,3 blood,3,3,"Sniper, Armored",,Assemblotron Cost,Android,"Together, we are might!",Murigen,
Dredger,Dredger.png,Tech,Talking,4 energy,1,2,"Aquanaut, Overclocked",,,Android,"""Oi, lookit. I'm somefin' uv a card.""",Pixel Profligate,
Inspector,Inspector.png,Tech,Talking,4 energy,1,2,Search Engine,,,Conduit Android,"""I suppose your deck is adequate.""",Pixel Profligate,
Maintenance Droid,MaintenanceDroid.png,Tech,Talking,5 energy,1,3,Hotfix,,,Conduit Android,"""Doesn't matter. I'll just make it again.""",Answearingmachine,
Melter,Melter.png,Tech,Talking,5 energy,2,3,"Frozen Away, Raging Flames",M34t Bot,,Android,"""WE ARE-- I am... a good card.""",Pixel Profligate,
Holo-Trader,HoloTrader.png,Tech,Talking,6 energy,1,3,B34st Tamer,,Search Mechabeast,,"""The true beasts are no more.""",Pixel Profligate,
Blue Bot,BlueBot.png,Tech,Talking,1 max + 7 energy,X,3,Snake Eyes,,Dice Power,Android,"""I have a 1 in 36 chance of being meta!""",Bluemem,
Steven,Steven.png,Tech,Talking,1 max + 8 energy,2,2,"Attack Conduit, Null Conduit, Haunter",,,Noble,"""Oh, and employee? You're Fired.""",Murigen,
Bolt Van Tankski,BoltVanTankski.png,Tech,Talking,1 max + 11 energy,1,7,Sentry,,,Android,"""Bolt Van Tankski reporting for duty.""",,
Cyber Hero,CyberHero.png,Tech,Talking,3 max + 12 energy,1,3,"Trifurcated Strike, Sniper Transformer",,,Android,"""I've got it all, and then some!""",Murigen,
Emerald Mox,EmeraldMox.png,Magick,Side Deck,free,0,1,Green Gem,,Bloodless,Mox,A conduit for magicks of the body.,Pixel Profligate,bloodless_bg
Ruby Mox,RubyMox.png,Magick,Side Deck,free,0,1,Orange Gem,,Bloodless,Mox,A conduit for magicks of the soul.,Pixel Profligate,bloodless_bg
Sapphire Mox,SapphireMox.png,Magick,Side Deck,free,0,1,Blue Gem,,Bloodless,Mox,A conduit for magicks of the mind.,Pixel Profligate,bloodless_bg
Prism Mox,PrismMox.png,Magick,Common,free,0,1,Prism Gem,,Bloodless,Mox,A powerful conduit for all magicks.,Pixel Profligate,bloodless_bg
Erratic Scholar,ErraticScholar.png,Magick,Common,1 prism,1,1,Mox Dropper,,,,Constantly losing their own research.,Pixel Profligate,
Mage Pupil,MagePupil.png,Magick,Common,free,1,2,Gem Dependent,,,Mage,A new learner of magicks.,Pixel Profligate,
Antimagician,Antimagician.png,Magick,Common,1 shattered prism,2,2,"Purist, Gem Dependent",,,Wizard,Some magicks simply must be stopped.,Pixel Profligate,
Mirror Mage,MirrorMage.png,Magick,Common,1 prism,X,2,,,Mirror Power,Mage,A pure reflection of one's own flaws.,Pixel Profligate,
Spell Slinger,SpellSlinger.png,Magick,Common,1 prism,1,1,"Gem Dependent, Sniper",,,Mage,Adept at casting spells from a distance.,Pixel Profligate,
Stasis Mage,StasisMage.png,Magick,Common,1 prism,0,1,Frozen Away,Spell Slinger,Bloodless,Mage,Has time to reconsider their study field.,Pixel Profligate,bloodless_bg
Magic Missile,MagicMissile.png,Magick,Uncommon,2 shattered prisms,1,1,"Trifurcated Strike, Sniper, Brittle",,,,A well-known incantation.,Murigen,
Grand Astrologer,GrandAstrologer.png,Magick,Rare,2 prisms,1,4,"Event Horizon, All-Sight",,Diamond Cost,Wizard,"They see all, as it is bare before them.",Pixel Profligate,
Flawless Clockwork,FlawlessClockwork.png,Magick,Rare,3 prisms,3,3,"Made of Stone, Bastion",,Diamond Cost,Mox Construct,An immaculate construct of perfect mox.,Pixel Profligate,
Brush Mage,BrushMage.png,Magick,Talking,1 prism,1,2,Overcoat,,,Mage,"""Lemme give that a new coat of paint!""",Pixel Profligate,
Alchemist,Alchemist.png,Magick,Common,1 emerald,0,2,"Transmogutate, RAINBOW, Leader",,,Wizard,Recklessly practices transmutation.,Murigen,
Fabergé Frog,FabergéFrog.png,Magick,Common,1 emerald,1,1,"Sentry, Familiar",,,Amphibian,A small agent of small magicks.,Pixel Profligate,
Gloom Virtuoso,GloomVirtuoso.png,Magick,Common,1 emerald,1,1,Glooming Dust,,,Wizard,"Saddening, artistic talent put to war.",Murigen,
Green Mage,GreenMage.png,Magick,Common,1 emerald,X,2,,,Gem Power,Mage,They are powered directly by gems.,Pixel Profligate,
Jade Automata,JadeAutomata.png,Magick,Common,1 emerald,1,1,Heart of Dust,,Bloodless,Construct,A hardy construct fueled by mox.,Pixel Profligate,bloodless_bg
Junior Sage,JuniorSage.png,Magick,Common,1 emerald,1,2,,,,Sage,A new learner of the body's magicks.,Pixel Profligate,
Muscle Mage,MuscleMage.png,Magick,Common,1 emerald,0,2,"Hefty, Empowered Transformer",,,Mage,Just loves to push people around.,Pixel Profligate,
Shade Soul,ShadeSoul.png,Magick,Common,1 emerald,0,1,Dust Gatherer,,,Mage Spectre,They collect magickal remnants.,Murigen,
Tenebrose Vessel,TenebroseVessel.png,Magick,Common,1 emerald,0,2,Body of Dust,,,Aberration,A faithful provider of their own body.,Murigen,
Stim Mage,StimMage.png,Magick,Common,1 emerald,0,2,Stimulate,,,Mage,Can push themselves beyond their limits.,Pixel Profligate,
Twilight Magus,TwilightMagus.png,Magick,Common,1 emerald,0,2,Sparkling Dust,,,Mage,Wells of power sleep in fragments.,syntaxevasion,
Corpsebloom Overgrowth,CorpsebloomOvergrowth.png,Magick,Common,2 emeralds,1,1,"Stinky, RAINBOW, Fledgling",Terror of Verdure,,Flower Aberration,,Murigen,
Druid,Druid.png,Magick,Common,1 emerald + 1 prism,0,3,Lifeblood,,,Mox Sage,Magic is the heart of nature.,Murigen,
Senior Sage,SeniorSage.png,Magick,Common,1 emerald + 1 prism,1,3,Upbringing,,,Sage,Here to welcome the new generation.,Murigen,
Splitmind Maniac,SplitmindManiac.png,Magick,Common,1 emerald + 1 prism,1,3,"Split Strike, RAINBOW, Shadow Hand",,,Aberration Wizard,Fractured and maddened by the unknown.,Murigen,
Waxmelt Scrivener,WaxmeltScrivener.png,Magick,Common,1 emerald + 1 prism,1,3,Amorphous,,,Corrupted Sage,Barely able to copy inscriptions.,Murigen,
Crystalline Carrier,CrystallineCarrier.png,Magick,Common,1 emerald + 2 prisms,X,3,Fragment Hoard,,Gem Power,Corrupted,Magick brought them to life.,Murigen,
Garish Geode,GarishGeode.png,Magick,Common,1 shattered emerald,0,2,"Green Gem, Green Gem, Fragment Hoard",,Bloodless,Mox,A formation high in magickal power.,Murigen,bloodless_bg
Umbral Servant,UmbralServant.png,Magick,Common,1 emerald,0,1,"Familiar, Dust Power, Heart of Dust",,,Aberration Sage,Hardly stands on its own.,Herilind,
Veiled Scourge,VeiledScourge.png,Magick,Common,1 shattered emerald,0,3,Dust Power,,,Corrupted Wizard,A lowly hermit gleaning from scraps.,Murigen,
Dark Abjurer,DarkAbjurer.png,Magick,Common,1 shattered emerald + 1 shattered prism,0,3,"Sentry, Sharp Quills, Bloodlust",,,Aberration Wizard,The corpses it makes fuel it with power.,Murigen,
Fleeting Conjuror,FleetingConjuror.png,Magick,Common,1 shattered emerald + 1 shattered prism,X,2,"Double Strike, Brittle",,Gem Power,Wizard Spectre,Powerful magick in a fleeting form.,Pixel profligate,
Terror of Verdure,TerrorofVerdure.png,Magick,Uncommon,4 emeralds,2,5,"Snag, Bloodlust",,,Flower Aberration,The might of the jungle has awoken.,Murigen,
Shadow Boxer,ShadowBoxer.png,Magick,Uncommon,1 shattered prism + 1 shattered emerald,2,2,Dusted Knuckles,,,Wizard,They'll knock the magick out of you.,Bluemem,
Folding Weaver,FoldingWeaver.png,Magick,Rare,1 shattered emerald + 1 shattered prism,1,3,Infinifold,,,Wizard Wizard Wizard Wizard Wizard Wizard,"A self similar magick, honed to infinity.",Bluemem,
Gloam Archmagus,GloamArchmagus.png,Magick,Rare,1 emerald + 1 prism,1,2,Dooming Dust,,,Wizard,All things good must end...,Herilind,
Skulking Valravn,SkulkingValravn.png,Magick,Rare,1 shattered emerald + 1 shattered prism,0,5,"Dust Power, Dust Gatherer",,,Corrupted Avian,It feasts on broken relics.,Pixel Profligate,
Masked Gemhorror,MaskedGemhorror.png,Magick,Rare,2 emerald + 1 prism,X,2,"Bifurcated Strike, Dust Eater",,Gem Power,Aberration,"Frail, but powerful beyond belief.",Desaft,
Void Maw,VoidMaw.png,Magick,Rare,2 prisms + 1 emerald,X,5,"Bloodsucker, Gem-locked",,,Aberration,The all-consuming terror from the abyss.,Omega Shambler,
Grand Transmuter,GrandTransmuter.png,Magick,Rare,1 shattered emerald,1,2,"Green Gem, LATCH_Prism Gem",,,Corrupted Mage,"Their greatest work, themselves.",Herilind,
Umbral Puppeteer,UmbralPuppeteer.png,Magick,Rare,1 shattered emerald,0,3,Illusion Dust,,,Wizard,Their servants are lucky to have them.,Herilind,
Puppet Mage,PuppetMage.png,Magick,Talking,1 emerald,1,1,"Touch of Death, Soul Stealer",,Bloodless,Posessed Mage,,Pixel Profligate,bloodless_bg
Shower Mage,ShowerMage.png,Magick,Talking,1 emerald,1,2,Putrid Essence,,,Mage,"""Uhhhhhhhhhhhhhhhhhhhhhhhhhhhhhhhhhhh...""",Murigen,
Slime Mage,SlimeMage.png,Magick,Talking,1 emerald,1,1,Imitation Art,,,Mage,"""AARRGH! I'll try my best!""",Pixel Profligate,
Ambush Mage,AmbushMage.png,Magick,Common,1 ruby,1,1,Aggressive,,,Mage,This attack could have been predicted.,Murigen,
Gem Detonator,GemDetonator.png,Magick,Common,1 ruby,1,1,Gem Detonator,,,,A rebel among the ranks.,Murigen,
Gem Doctor,GemDoctor.png,Magick,Common,1 ruby,1,1,Gem Reinforce,,,Sage,Still practices with healing crystals.,Murigen,
Lizard Wizard,LizardWizard.png,Magick,Common,1 ruby,1,1,"Loose Tail, Familiar",Wriggling Tail,,Reptile,king gizzard died in the bite of 87,,
Mage Knight,MageKnight.png,Magick,Common,1 ruby,1,3,"Gem Dependent, Sharp Quills",,,Mage Knight,Ever stalwart in the face of challenge.,Pixel Profligate,
Orange Mage,OrangeMage.png,Magick,Common,1 ruby,0,1,Gem Animator,,,Mage Knight,"With practice, even mox have potential.",Pixel Profligate,
Practice Wizard,PracticeWizard.png,Magick,Common,1 ruby,0,3,Taunt,,,Wizard Construct,"Good for getting hit, but not much else.",Pixel Profligate,
Resolute Gemsmith,ResoluteGemsmith.png,Magick,Common,1 ruby,0,3,Gem Intercept,,,,An expert jeweler.,syntaxevasion,
Ruby Golem,RubyGolem.png,Magick,Common,1 ruby,1,1,Ruby Heart,Ruby Mox,Bloodless,Construct,A hulking construct driven by mox.,Pixel Profligate,bloodless_bg
Spike Mage,SpikeMage.png,Magick,Common,1 ruby,0,2,Gem Instability,,,Mage,Some mox magicks can be very unstable.,Murigen,
Telekinetic,Telekinetic.png,Magick,Common,1 ruby,1,1,Restructure,,,Mage,Summoned when a formation is broken.,Murigen,
Wisp,Wisp.png,Magick,Common,1 ruby,0,1,Soul Strike,,,Mox Spectre,"Without form, but charged in its will.",,
Exalted Warden,ExaltedWarden.png,Magick,Common,1 ruby + 1 prism,1,3,"Snag, RAINBOW, Gem Instability",,,Wizard Knight,Stopping awry magicks is quite a feat.,Murigen,
Iron Maiden,IronMaiden.png,Magick,Common,1 ruby + 1 prism,1,1,"Armored, Sharp Quills",,,Machine,The price of insubordinance is pain.,Pixel Profligate,
Tamer Toad,TamerToad.png,Magick,Common,1 ruby + 1 prism,1,3,Truest Patron,,,Amphibian Sage,"The magic of beasts, the beast of magic.",Desaft,
Guardian Mage,GuardianMage.png,Magick,Common,1 shattered ruby,1,1,Gem Guardian,,,Mage,Protective of what fuels their magic.,Pixel Profligate,
Mox Mage,MoxMage.png,Magick,Common,1 shattered ruby,1,2,"Orange Gem, Familiar",,,Mox Mage,A mox gained form... how curious.,Pixel Profligate,
Basilisk,Basilisk.png,Magick,Common,1 shattered ruby,1,6,"Familiar, Made of Stone, Bastion",,,Reptile,Don't look it in the eyes. It'll go away.,Murigen,
Spellsword Mercenary,SpellswordMercenary.png,Magick,Common,1 ruby + 1 prism,1,1,"Soul Strike, RAINBOW, Enhanced",,,Posessed Sage,A proud mage's honor never dies.,Murigen,
Gem Banneret,GemBanneret.png,Magick,Uncommon,1 ruby + 1 prism,0,2,"Leader, Annoying",,,Wizard Knight,Rallying the inanimate into a fervour.,Pixel Profligate,
Koi,Koi.png,Magick,Uncommon,1 ruby,0,1,"Leader, Waterborne, Familiar",,,Fish,No longer suited to live in the wild.,Murigen,
Enigmatic Paladin,EnigmaticPaladin.png,Magick,Rare,1 ruby + 1 prism,2,2,"Rainbow, Repulsive",,,Sage Knight,"An imprenetrable defense, when empowered.",Pixel Profligate,
Grand Machinist,GrandMachinist.png,Magick,Rare,2 rubies + 1 prism,0,3,"Gem Animator, Gem Instability, Gem Greed",,,Wizard,A paragon of gem augmentation.,Herilind,
Knight of Amber,KnightofAmber.png,Magick,Rare,1 ruby + 1 prism,1,4,"Made of Stone, Dust Barrier",,,Aberration Knight,"Sworn to protect, for all eternity.",Pixel Profligate,
Odious Sovereign,OdiousSovereign.png,Magick,Rare,3 rubies,1,5,"Gem Greed, RAINBOW, Leader",,,,Hungry for riches and power.,Murigen,
Pike Sage,PikeSage.png,Magick,Talking,1 ruby,1,1,Piercing,,Pike Sage Trait,Sage,"""Ideally, you will play me well.""",Pixel Profligate,
Mending Mage,MendingMage.png,Magick,Talking,1 ruby,1,3,Gem Repair,,,Mage,"""Doesn't matter!! I got another one!!!""",,
Ardent Intellectual,ArdentIntellectual.png,Magick,Common,1 sapphire,1,2,Arcane Echo,,,Sage,His success comes from copying others.,Murigen,
Blue Mage,BlueMage.png,Magick,Common,1 sapphire,0,1,Mental Gemnastics,,,Mage,Creation is a powerful tool.,Pixel Profligate,
Crow,Crow.png,Magick,Common,1 sapphire,1,1,"Airborne, Familiar, All-Sight",,,Avian,It might have found something magical.,Murigen,
Esoteric Savant,EsotericSavant.png,Magick,Common,1 sapphire + 1 prism,0,3,Reaction Replica,,,Corrupted Wizard,Never content with casting a spell once.,Murigen,
Gem Fiend,GemFiend.png,Magick,Common,1 sapphire,2,1,Gem Dependent,,,Corrupted Sage,"Ravenous, driven mad by the gems.",Pixel Profligate,
Hover Mage,HoverMage.png,Magick,Common,1 sapphire,1,2,Airborne,,,Mage,"Flight is challenging, but useful.",Pixel Profligate,
Lazuli Construct,LazuliConstruct.png,Magick,Common,1 sapphire,1,1,Repulsing Transformer,,Bloodless,Mox Construct,"An intricate construct, driven by mox.",Pixel Profligate,bloodless_bg
Magickant,Magickant.png,Magick,Common,1 ruby,0,2,"Many Lives, Familiar",,,Ant Insect,It has learned the summoner's ways.,Desaft,
Party Magician,PartyMagician.png,Magick,Common,1 sapphire,1,1,Rabbit Hole,,,Mage,"Nothing spectacular, but entertaining.",Pixel Profligate,
Spell Counter,SpellCounter.png,Magick,Common,1 sapphire,0,2,Cold Read,,,Wizard,Knowledge is power.,Murigen,
Soothsayer,Soothsayer.png,Magick,Common,1 sapphire,1,2,Divination,,,Sage,"Can see the future, but not change it.",Pixel Profligate,
Summoner's Rift,SummonersRift.png,Magick,Common,1 sapphire,0,2,Wild Reshape,,,Aberration,Only the fates know what will emerge.,Murigen,
Bauble Burglar,BaubleBurglar.png,Magick,Common,1 shattered sapphire,1,1,"Side Hustle, RAINBOW, Sniper",,,Outlaw,,Murigen,
Heartflayer,Heartflayer.png,Magick,Common,1 shattered sapphire,X,1,,,traeH Power,Corrupted Sage,Armed with perfect knowledge of its foe.,Murigen,
Fortune Teller,FortuneTeller.png,Magick,Common,1 sapphire + 1 prism,1,3,All-Sight,,,Wizard,Do you wish to know your fate?,Murigen,
Opulent Hoodlum,OpulentHoodlum.png,Magick,Common,1 sapphire + 1 prism,0,3,Rampager,,,Outlaw Mox Wizard,A purveyor of dark-market crystals.,Murigen,
Solemn Arcanist,SolemnArcanist.png,Magick,Common,1 sapphire + 1 prism,1,2,Arcane Blessing,,,Corrupted Sage,He sees magicks as crucial for triumph.,Murigen,
Arcane Trickster,ArcaneTrickster.png,Magick,Common,1 shattered sapphire,X,1,Sniper,,Mirror Power,Outlaw,A deadly master of sleight of hand.,Murigen,
Clandestine Swindler,ClandestineSwindler.png,Magick,Common,1 shattered sapphire + 1 shattered prism,1,1,"Bifurcated Strike, Looter",,,Outlaw,Flawless crimes lead to opportunities.,Murigen,
Gembound Ripper,GemboundRipper.png,Magick,Common,1 shattered sapphire + 1 shattered prism,4,4,Gem Dependent,,,Aberration,A lust for gems and for blood.,Pixel Profligate,
Force Mage,ForceMage.png,Magick,Uncommon,1 sapphire,0,1,Repulsive,,,Mage,Repelling the greatest of assaults.,Pixel Profligate,
Pedantic Hag,PedanticHag.png,Magick,Uncommon,1 shattered sapphire,1,1,"Corpse Eater, Purist, Gem Dependent",,,Corrupted Sage,Rambles on incorrect spell recitations.,Murigen,
Wildfrost Drake,WildfrostDrake.png,Magick,Uncommon,1 shattered sapphire,2,4,"Familiar, Gem Dependent, Airborne",,,Reptile,"Adept, but troublesome to keep contained.",Muritgen,
Faterender,Faterender.png,Magick,Rare,1 sapphire + 1 prism,1,1,"Snag, Purist, RAINBOW, Touch of Death",,,Wizard,,Murigen,
All-Seeing Oracle,AllSeeingOracle.png,Magick,Rare,1 sapphire + 2 prism,1,4,Prophecy,,,Sage,Fate has been subdued to their will.,Herilind,
Hourglass Sycophant,HourglassSycophant.png,Magick,Rare,1 shattered sapphire,1,2,"Reaction Replica, Double Death, Arcane Echo",,,Wizard,An unmatched master in time.,Murigen,
Brogg Polliwog,BroggPolliwog.png,Magick,Rare,1 sapphire + 1 prism,1,3,"Mighty Leap, Frog Friend",,,Amphibian Sage,A wondrous friend to all frog kind.,Pixel Profligate,
Blue Archmagus,BlueArchmagus.png,Magick,Rare,1 shattered sapphire,2,2,"Mental Fortitude, Gem Dependent",,,Skeleton Mage,"Aeons, spent learning the mystifying...",Desaft,
Lonely Wizard,LonelyWizard.png,Magick,Talking,1 sapphire,1,2,"Clinger, Stimulate",,,Wizard,"""YES! PLAY ME! STIMULATE ME!""",Pixel Profligate,
Thief Mage,ThiefMage.png,Magick,Talking,1 sapphire,0,3,"Looter, Side Hustle",,,Outlaw Mage,"""So... a little help?""",Murigen,
Bixhound,Bixhound.png,Magick,Common,1 emerald + 1 ruby,2,3,"Guardian, Familiar",,,Canine Hound,A very loyal magickal companion.,Pixel Profligate,
Chimera Warden,ChimeraWarden.png,Magick,Common,1 emerald + 1 ruby,1,2,"Bloodlust, RAINBOW, Gem Animator",,,Knight,"A hybrid, loyal and fierce to a fault.","Yoyo, Bluemem",
Skyborne Soldier,SkyborneSoldier.png,Magick,Common,1 ruby + 1 sapphire,1,2,"Airborne, Sprinter, RAINBOW, Enhanced",,,Knight,The utmost dedication to duty.,Pixel Profligate,
Maniacal Martialist,ManiacalMartialist.png,Magick,Common,1 ruby + 1 sapphire,1,2,"Evasion, Bloodlust",,,Outlaw Sage,The frenzy of a newfound might.,"Desaft, Murigen",
Mysterious Merchant,MysteriousMerchant.png,Magick,Common,1 emerald + 1 sapphire,0,4,"Trinket Bearer, RAINBOW, Enhanced",,,,Browse his wares for oddities.,Murigen,
Baleful Polymorph,BalefulPolymorph.png,Magick,Common,1 emerald + 1 ruby,0,1,Polymorph,,,Corrupted Mage,All succumb to transformation's chaos.,,
Book Burner,BookBurner.png,Magick,Rare,1 emerald + 1 sapphire,0,4,Firey Rummage,,,,Revealed secrets are theirs to keep.,Pixel Profligate,
Goranj's Mox,GoranjsMox.png,Magick,Rare,1 shattered prism,0,2,"Green Gem, Orange Gem",,Bloodless,Mox,Created by Goranj to strengthen them.,Desaft,bloodless_bg
Orlu's Mox,OrlusMox.png,Magick,Rare,1 shattered prism,0,2,"Orange Gem, Blue Gem",,Bloodless,Mox,Created by Orlu to focus her will.,Desaft,bloodless_bg
Bleene's Mox,BleenesMox.png,Magick,Rare,1 shattered prism,0,2,"Blue Gem, Green Gem",,Bloodless,Mox,Created by Bleene to harness his insight.,Desaft,bloodless_bg
Master Goranj,MasterGoranj.png,Magick,Rare,1 emerald + 1 ruby,3,6,Gem Dependent,,,Wizard,"Admittedly, more brute than wizard.",Pixel Profligate,
Master Orlu,MasterOrlu.png,Magick,Rare,1 ruby + 1 sapphire,1,3,"Airborne, Looter, Soul Strike",,,Knight,"Fight or flight? Why, both are ideal.",Pixel Profligate,
Master Bleene,MasterBleene.png,Magick,Rare,1 sapphire + 1 emerald,0,4,True Scholar,,,Sage,"Creation's master, a life for a life.",Pixel Profligate,
Magnus Mox,MagnusMox.png,Magick,Rare,1 shattered prism,0,7,"Magnificent Gem, Made of Stone, Death Sentence",,,Mox,A conduit for truly grand magicks.,Desaft,
Umbral Wealth Cabal,UmbralWealthCabal.png,Magick,Rare,1 sapphire + 1 ruby + 1 emerald,3,3,"Gem Detonator, Gem Greed, Energy Gun",,,Wizard Outlaw,They love casting spells.,Murigen,
Dark Mage,DarkMage.png,Magick,Talking,1 sapphire + 1 prism,1,1,Arcane Echo,,,Mage,"""Ierth, fira and aer, all thal I'll need.""",Murigen,
Fluttering Friend,FlutteringFriend.png,Magick,Talking,1 sapphire + 1 ruby,1,2,"Airborne, Guardian, To a Flame",,,Insect Wizard,"""Hah! These new friends are wonderful!""",Murigen,
Perilous Pyromancer,PerilousPyromancer.png,Magick,Talking,1 emerald + 1 ruby,1,3,"Gem Animator, Fireball",,,Mage,"""Let what you hold dear be scorched.""",PaperPyro,
Prideful Princess,PridefulPrincess.png,Magick,Talking,1 ruby + 1 sapphire,1,1,Prosperity,,,Noble Sage,"""Come, my dear! Be yourself here!""",Herilind,
Altar of Malachite,AltarofMalachite.png,Magick,Common,1 blood,0,3,Green Gem,,,Mox Altar,Reinforced with the might of the body.,Pixel Profligate,
Altar of Citrine,AltarofCitrine.png,Magick,Common,1 blood,0,3,Orange Gem,,,Mox Altar,Made with the dedication of the soul.,Pixel Profligate,
Altar of Azurite,AltarofAzurite.png,Magick,Common,1 blood,0,3,Blue Gem,,,Mox Altar,Perfected with the ingenuity of the mind.,Pixel Profligate,
Garden of Soul,GardenofSoul.png,Magick,Common,1 shattered sapphire,0,3,"Orange Gem, Unholy Will",,,Mox Altar,What is drive without rest?,Murigen,
Library of Mind,LibraryofMind.png,Magick,Common,1 shattered emerald,0,3,"Blue Gem, Infinite Knowledge",,,Mox Altar,What is wisdom without discovery?,Murigen,
Monolith of Form,MonolithofForm.png,Magick,Common,1 shattered ruby,0,3,"Green Gem, Eternal Life",,,Mox Altar,What is perfection without refinement?,Murigen,
Mad Cultist,MadCultist.png,Magick,Common,2 blood,2,1,Mental Gemnastics,,,Cultist,Led astray by falsities and sacrifices.,Pixel Profligate,
Mad Prophet,MadProphet.png,Magick,Common,2 blood,1,3,"Snag, Divination",,Altar Bonus,Cultist,Power comes from the name you chose.,Pixel Profligate,
Mad Conspirator,MadConspirator.png,Magick,Common,2 blood,X,3,Hoarder,,Gem Power,Cultist,"Twelve sets in the morning, two at eve.",Desaft,
Mad Ritualist,MadRitualist.png,Magick,Common,2 blood,X,4,"Life Donor, Animated Hemanation",,Gem Power,Cultist,,Pixel Profligate,
Null Mage,NullMage.png,Magick,Common,6 energy,1,3,Prism Conduit,,,Android Conduit Mage,Even mages see the value of energy.,Pixel Profligate,
Forgotten Soul,ForgottenSoul.png,Undead,Side Deck,1 energy,1,1,Brittle,,Bloodless,Spectre,Some souls never find salvation.,Murigen,bloodless_bg
Empty Vessel,EmptyVessel.png,Tech,Side Deck,1 energy,0,2,,,,,No functionality has been inserted.,Pixel Profligate,
